Player,Season,Team,S/C,Pos,GP,G,A,P,+/-,PIM,P/GP,EVG,EVP,PPG,PPP,SHG,SHP,OTG,GWG,S,S%,TOI/GP,FOW%
Daniel Sedin,20102011,VAN,L,L,82,41,63,104,30,32,1.27,23,62,18,42,0,0,0,10,266,15.4,18:33,23.5
Martin St. Louis,20102011,TBL,L,R,82,31,68,99,0,12,1.21,27,58,4,41,0,0,1,7,254,12.2,20:59,38.2
Corey Perry,20102011,ANA,R,R,82,50,48,98,9,104,1.2,32,62,14,31,4,5,2,11,290,17.2,22:19,40.9
Henrik Sedin,20102011,VAN,L,C,82,19,75,94,26,40,1.15,11,59,8,35,0,0,0,4,157,12.1,19:16,52
Steven Stamkos,20102011,TBL,R,C,82,45,46,91,3,74,1.11,28,55,17,36,0,0,1,8,272,16.5,20:12,46.5
Jarome Iginla,20102011,CGY,R,R,82,43,43,86,0,40,1.05,29,56,14,30,0,0,1,6,289,14.9,20:56,54.1
Alex Ovechkin,20102011,WSH,R,L,79,32,53,85,24,41,1.08,25,61,7,24,0,0,3,11,367,8.7,21:22,33.3
Teemu Selanne,20102011,ANA,R,R,73,31,49,80,6,49,1.1,15,46,16,34,0,0,0,5,213,14.6,17:56,44.5
Henrik Zetterberg,20102011,DET,L,C,80,24,56,80,-1,40,1,14,49,10,30,0,1,2,3,306,7.8,19:35,52.4
Brad Richards,20102011,DAL,L,C,72,28,49,77,1,24,1.07,21,48,7,29,0,0,0,3,272,10.3,21:43,50.6
Jonathan Toews,20102011,CHI,L,C,80,32,44,76,25,26,0.95,21,49,10,25,1,2,1,8,233,13.7,20:46,56.7
Eric Staal,20102011,CAR,L,C,81,33,43,76,-10,72,0.94,18,44,12,29,3,3,0,8,296,11.2,21:56,48
Claude Giroux,20102011,PHI,R,C,82,25,51,76,20,47,0.93,14,50,8,19,3,7,0,5,169,14.8,19:24,50
Ryan Getzlaf,20102011,ANA,R,C,67,19,57,76,14,35,1.13,12,49,7,27,0,0,2,4,117,16.2,21:51,45.8
Patrick Kane,20102011,CHI,L,R,73,27,46,73,7,28,1,22,49,5,24,0,0,0,2,216,12.5,19:17,14.3
Anze Kopitar,20102011,LAK,L,C,75,25,48,73,25,20,0.97,18,54,6,18,1,1,1,6,233,10.7,21:35,49.9
Loui Eriksson,20102011,DAL,L,L,79,27,46,73,10,8,0.92,16,45,10,25,1,3,2,6,179,15.1,20:34,25
Ryan Kesler,20102011,VAN,R,C,82,41,32,73,24,66,0.89,23,39,15,30,3,4,1,7,260,15.8,20:30,57.4
Thomas Vanek,20102011,BUF,R,L,80,32,41,73,2,24,0.91,21,45,11,28,0,0,2,5,238,13.5,17:21,30.8
Patrick Marleau,20102011,SJS,L,C,82,37,36,73,-3,16,0.89,24,44,11,26,2,3,3,9,279,13.3,20:47,52.5
Bobby Ryan,20102011,ANA,R,R,82,34,37,71,15,61,0.87,28,60,5,10,1,1,1,5,270,12.6,20:11,39.7
Mike Ribeiro,20102011,DAL,L,C,82,19,52,71,-4,28,0.87,12,48,7,23,0,0,1,4,161,11.8,19:58,46.6
Patrick Sharp,20102011,CHI,R,L,74,34,37,71,-1,38,0.96,20,42,12,26,2,3,1,6,268,12.7,19:25,48
Joe Thornton,20102011,SJS,L,C,80,21,49,70,4,47,0.88,10,35,9,33,2,2,0,3,149,14.1,19:52,54.4
Alex Tanguay,20102011,CGY,L,L,79,22,47,69,0,24,0.87,19,49,3,20,0,0,0,2,120,18.3,19:46,39.3
Lubomir Visnovsky,20102011,ANA,L,D,81,18,50,68,18,24,0.84,13,37,5,31,0,0,2,4,152,11.8,24:18,--
Daniel Briere,20102011,PHI,R,C,77,34,34,68,20,87,0.88,28,53,6,15,0,0,0,6,246,13.8,18:19,48.2
Matt Duchene,20102011,COL,L,C,80,27,40,67,-8,33,0.84,24,52,3,15,0,0,1,2,202,13.4,18:57,50.4
John Tavares,20102011,NYI,L,C,79,29,38,67,-16,53,0.85,20,43,9,24,0,0,3,4,243,11.9,19:15,52.5
Rick Nash,20102011,CBJ,L,L,75,32,34,66,2,34,0.88,26,52,6,14,0,0,0,7,305,10.5,18:56,29.2
Sidney Crosby,20102011,PIT,L,C,41,32,34,66,20,31,1.61,21,46,10,19,1,1,0,3,161,19.9,21:55,55.7
Joe Pavelski,20102011,SJS,R,C,74,20,46,66,10,24,0.89,8,35,11,28,1,3,0,5,282,7.1,19:39,54.3
Mike Richards,20102011,PHI,L,C,81,23,43,66,11,62,0.81,15,39,5,21,3,6,1,4,184,12.5,18:53,49.8
Jeff Carter,20102011,PHI,R,C,80,36,30,66,27,39,0.83,28,49,8,17,0,0,0,7,335,10.8,18:15,54.7
Nicklas Backstrom,20102011,WSH,L,C,77,18,47,65,24,40,0.84,13,42,4,22,1,1,0,2,202,8.9,20:36,52.5
Dany Heatley,20102011,SJS,L,L,80,26,38,64,8,56,0.8,14,32,11,30,1,2,0,5,217,12,19:39,45
Phil Kessel,20102011,TOR,R,R,82,32,32,64,-20,24,0.78,19,40,12,23,1,1,1,6,325,9.9,19:39,40.7
Jeff Skinner,20102011,CAR,L,L,82,31,32,63,3,46,0.77,25,45,6,18,0,0,0,2,215,14.4,16:44,36.9
Mikko Koivu,20102011,MIN,L,C,71,17,45,62,4,50,0.87,9,39,7,22,1,1,0,3,191,8.9,19:29,52.8
Martin Havlat,20102011,MIN,L,R,78,22,40,62,-10,52,0.79,19,48,3,14,0,0,0,4,229,9.6,18:21,30
Milan Lucic,20102011,BOS,L,L,79,30,32,62,28,121,0.78,25,48,5,14,0,0,0,7,173,17.3,16:35,38.9
David Krejci,20102011,BOS,R,C,75,13,49,62,23,28,0.83,12,50,1,12,0,0,0,2,157,8.3,18:51,48.7
David Backes,20102011,STL,R,R,82,31,31,62,32,93,0.76,26,46,5,15,0,1,0,2,211,14.7,19:42,44.5
Clarke MacArthur,20102011,TOR,L,L,82,21,41,62,-3,37,0.76,15,43,6,19,0,0,0,3,154,13.6,17:07,56.3
Ryane Clowe,20102011,SJS,L,L,75,24,38,62,13,100,0.83,19,49,5,13,0,0,1,2,185,13,17:58,41.5
Patrik Elias,20102011,NJD,L,C,81,21,41,62,-4,16,0.77,13,41,7,20,1,1,0,5,204,10.3,18:38,45
Nicklas Lidstrom,20102011,DET,L,D,82,16,46,62,-2,20,0.76,9,22,7,39,0,1,1,1,175,9.1,23:28,--
Ilya Kovalchuk,20102011,NJD,R,L,81,31,29,60,-26,28,0.74,22,39,9,21,0,0,4,9,245,12.7,22:34,29
Shane Doan,20102011,PHX,R,R,72,20,40,60,5,67,0.83,9,39,11,21,0,0,1,6,221,9.1,19:17,45.9
Pavel Datsyuk,20102011,DET,L,C,56,23,36,59,11,15,1.05,16,40,6,18,1,1,1,5,137,16.8,19:19,54.7
Keith Yandle,20102011,PHX,L,D,82,11,48,59,12,68,0.72,8,32,3,26,0,1,0,0,199,5.5,24:23,--
Andrew Ladd,20102011,ATL,L,L,81,29,30,59,-10,39,0.73,18,38,9,18,2,3,1,2,195,14.9,20:04,34.1
Mikhail Grabovski,20102011,TOR,L,C,81,29,29,58,14,60,0.72,19,43,10,15,0,0,1,4,239,12.1,19:22,48.4
Paul Stastny,20102011,COL,L,C,74,22,35,57,-7,56,0.77,17,37,4,19,1,1,1,3,181,12.2,19:44,53.2
Ray Whitney,20102011,PHX,R,L,75,17,40,57,0,24,0.76,14,31,3,26,0,0,0,1,156,10.9,16:57,45
Patrice Bergeron,20102011,BOS,R,C,80,22,35,57,20,26,0.71,17,43,3,11,2,3,0,4,211,10.4,17:53,56.6
Justin Williams,20102011,LAK,R,R,73,22,35,57,14,59,0.78,17,44,5,13,0,0,0,3,213,10.3,17:15,50
Dustin Brown,20102011,LAK,R,R,82,28,29,57,17,67,0.7,21,42,7,15,0,0,0,2,228,12.3,19:22,48.7
Nikolay Kulemin,20102011,TOR,L,L,82,30,27,57,7,26,0.7,24,43,5,13,1,1,0,5,173,17.3,17:19,54.1
R.J. Umberger,20102011,CBJ,L,C,82,25,32,57,3,38,0.7,14,41,8,13,3,3,1,3,220,11.4,19:13,50.5
Tuomo Ruutu,20102011,CAR,L,L,82,19,38,57,1,54,0.7,12,41,7,16,0,0,0,1,148,12.8,16:50,41.2
Marian Hossa,20102011,CHI,L,R,65,25,32,57,9,32,0.88,15,35,8,19,2,3,1,2,205,12.2,19:42,75
Tomas Plekanec,20102011,MTL,L,C,77,22,35,57,8,60,0.74,18,37,3,18,1,2,0,4,227,9.7,20:15,50
Jason Spezza,20102011,OTT,R,C,62,21,36,57,-7,28,0.92,14,39,7,17,0,1,1,2,188,11.2,20:12,56.3
Milan Hejduk,20102011,COL,R,R,71,22,34,56,-23,18,0.79,12,32,10,24,0,0,0,2,170,12.9,17:55,40
Jamie Benn,20102011,DAL,L,L,69,22,34,56,-5,52,0.81,12,39,6,11,4,6,0,3,177,12.4,18:01,43.1
Brenden Morrow,20102011,DAL,L,L,82,33,23,56,-3,76,0.68,23,42,9,13,1,1,1,5,209,15.8,19:14,9.1
Logan Couture,20102011,SJS,L,C,79,32,24,56,18,41,0.71,22,42,10,14,0,0,1,8,253,12.7,17:49,53.4
Johan Franzen,20102011,DET,L,R,76,28,27,55,5,58,0.72,18,38,10,17,0,0,1,5,248,11.3,17:26,50.3
Brad Boyes,20102011,"STL,BUF",R,R,83,17,38,55,13,36,0.66,11,42,6,13,0,0,1,3,178,9.6,17:00,42.5
Brandon Dubinsky,20102011,NYR,L,C,77,24,30,54,-3,100,0.7,18,39,4,11,2,4,0,2,202,11.9,20:14,52.5
Vincent Lecavalier,20102011,TBL,L,C,65,25,29,54,-5,43,0.83,13,26,12,28,0,0,2,5,210,11.9,18:27,50.9
Alexander Semin,20102011,WSH,R,R,65,28,26,54,22,71,0.83,21,35,6,18,1,1,1,4,196,14.3,18:04,30.8
Olli Jokinen,20102011,CGY,L,C,79,17,37,54,-17,44,0.68,12,35,5,19,0,0,0,1,208,8.2,17:47,47.4
Ville Leino,20102011,PHI,L,L,81,19,34,53,14,22,0.65,14,42,5,11,0,0,0,2,117,16.2,16:01,57.4
Dustin Byfuglien,20102011,ATL,R,D,81,20,33,53,-2,93,0.65,12,29,8,24,0,0,3,6,347,5.8,23:18,--
Chris Stewart,20102011,"COL,STL",R,R,62,28,25,53,-6,53,0.85,16,37,12,16,0,0,1,5,162,17.3,17:29,40.6
Nathan Horton,20102011,BOS,R,R,80,26,27,53,29,85,0.66,20,45,6,8,0,0,0,2,188,13.8,16:17,42.1
PA Parenteau,20102011,NYI,R,R,81,20,33,53,-8,46,0.65,11,33,9,20,0,0,1,2,161,12.4,18:13,36.7
Matt Moulson,20102011,NYI,L,L,82,31,22,53,-10,24,0.65,22,38,9,15,0,0,1,3,237,13.1,18:52,55.6
Jussi Jokinen,20102011,CAR,L,L,70,19,33,52,3,24,0.74,11,34,8,18,0,0,0,1,136,14,17:13,52.8
Erik Cole,20102011,CAR,L,L,82,26,26,52,-1,49,0.63,22,42,3,8,1,2,2,9,201,12.9,18:27,20.6
Michael Grabner,20102011,NYI,L,L,76,34,18,52,13,10,0.68,26,41,2,4,6,7,1,3,228,14.9,15:05,33.3
Patrik Berglund,20102011,STL,L,C,81,22,30,52,-3,26,0.64,14,34,8,17,0,1,0,1,175,12.6,17:11,46.2
Drew Stafford,20102011,BUF,R,R,62,31,21,52,13,34,0.84,20,33,11,19,0,0,2,4,179,17.3,16:32,30.4
Jason Pominville,20102011,BUF,R,R,73,22,30,52,1,15,0.71,16,37,5,14,1,1,1,2,215,10.2,18:09,43.2
James Wisniewski,20102011,"NYI,MTL",R,D,75,10,41,51,-14,38,0.68,3,22,7,29,0,0,1,2,158,6.3,22:56,--
Teddy Purcell,20102011,TBL,R,L,81,17,34,51,5,10,0.63,14,30,3,21,0,0,0,1,196,8.7,14:06,32.4
Alexander Steen,20102011,STL,L,L,72,20,31,51,-3,26,0.71,17,39,1,10,2,2,0,5,218,9.2,19:33,38.7
Toby Enstrom,20102011,ATL,L,D,72,10,41,51,-10,54,0.71,4,22,6,28,0,1,0,0,113,8.9,23:41,--
Christian Ehrhoff,20102011,VAN,L,D,79,14,36,50,19,52,0.63,8,21,6,28,0,1,1,3,209,6.7,23:59,--
Kris Letang,20102011,PIT,R,D,82,8,42,50,15,101,0.61,4,25,4,24,0,1,1,2,236,3.4,24:02,100
Mikael Samuelsson,20102011,VAN,R,R,75,18,32,50,8,36,0.67,13,31,5,19,0,0,0,2,215,8.4,16:38,32.1
Andy McDonald,20102011,STL,L,L,58,20,30,50,18,26,0.86,14,32,5,17,1,1,0,3,180,11.1,20:02,59.3
Rene Bourque,20102011,CGY,L,R,80,27,23,50,-17,42,0.63,20,32,6,15,1,3,1,6,218,12.4,17:45,29.2
Sergei Kostitsyn,20102011,NSH,L,L,77,23,27,50,10,20,0.65,18,36,4,13,1,1,0,2,93,24.7,15:11,16.7
Martin Erat,20102011,NSH,L,R,64,17,33,50,14,22,0.78,10,35,7,15,0,0,1,3,135,12.6,18:06,43.2
Dan Boyle,20102011,SJS,R,D,76,9,41,50,2,67,0.66,5,23,4,27,0,0,0,2,199,4.5,26:14,0
Tyler Ennis,20102011,BUF,L,C,82,20,29,49,0,30,0.6,15,35,5,14,0,0,0,1,210,9.5,15:40,22.2
Scott Hartnell,20102011,PHI,L,L,82,24,25,49,14,142,0.6,20,39,4,10,0,0,0,4,177,13.6,16:36,50
